Id,ORGANIZATION,NAME,GENDER,SPECIALITY,ADDRESS,CITY,STATE,ZIP,LAT,LON,ENCOUNTERS,PROCEDURES
d24be12b-928f-30aa-b3ff-5f69b0345693,74ab949d-17ac-3309-83a0-13b4405c66aa,Ted955 Reilly981,M,GENERAL PRACTICE,881 Main Street,Fitchburg,MA,01420,42.586487,-71.80521,292,0
6a13b024-ca4b-3ea1-be4d-c5fd832bacbd,588f6ce6-b8db-3588-8189-29db2680a313,Tiffaney302 Brakus656,F,GENERAL PRACTICE,461 WALNUT AVE,JAMAICA PLAIN,MA,021302331,42.311587599999996,-71.09800136347226,51,0
95a9ec7e-72cf-3df2-9438-4c539b616505,4112b8b1-59df-3255-a7ca-f42ee0a4cb2e,Ambrose149 Feeney44,M,GENERAL PRACTICE,37 ROUTE 6A,SANDWICH,MA,025631801,41.766329400000004,-70.5147600346998,5,0
f6d2ccde-21ae-332a-9001-1f63244d6859,e09d4c49-c2ef-3b0f-9a46-3719d9219306,Ronald408 Emard19,F,GENERAL PRACTICE,60 HOSPITAL RD,LEOMINSTER,MA,014533290,42.54031915,-71.76312990486304,36,0
1aff3c78-3502-366f-a55c-c57e75523a50,ef5390b4-cba5-3d83-96db-af783a7adb43,Evan94 Anderson154,F,GENERAL PRACTICE,360 MERRIMACK ST,MALDEN,MA,021482329,42.4250964,-71.066163,2,0
a84bfd3b-4f30-36a3-9092-fc7e89d06ccd,6fafb5d4-ecca-37ab-8d24-53036a8cbf1e,Wilber603 Nikolaus26,M,GENERAL PRACTICE,320 WEST CENTER STREET  2ND FLOOR,WEST BRIDGEWATER,MA,02379,42.016080599999995,-71.02601589317304,4,0
5b4d4e9f-3834-3cfb-bf91-84345bd77cea,ab701a70-a658-340e-8f69-ee196a7d40c6,Bud153 Parisian75,M,GENERAL PRACTICE,484 RTE 134,WORCESTER,MA,016071728,42.2625621,-71.8018877,9,0
fa62589b-287c-34fe-a914-32510843312d,11ba6a26-59b4-3728-a268-6dc9929962b4,Archie818 McCullough561,M,GENERAL PRACTICE,200 GOVERNORS AVENUE,MEDFORD,MA,021551644,42.42711615,-71.1121606632448,23,0
d76c1ff8-99ef-31d2-81c7-5b2b7ed9dacd,88e28a1c-aad9-36d0-832b-b579ecb95c3d,Anthony633 Toy286,M,GENERAL PRACTICE,14 MANNING AVENUE,LEOMINSTER,MA,014535768,42.5253035,-71.7584413,29,0
d0d70065-8d9b-3dc0-a54e-276103d44431,52ecddd8-42f6-35cc-88a5-cf474c02fb49,Maxima831 Fahey393,F,GENERAL PRACTICE,94 OBERY STREET,PLYMOUTH,MA,023602130,41.93725,-70.65503160208334,12,0
f755c408-7a67-38c0-8956-29a952fd687d,05bcaa3e-aa5d-3b03-ba26-7e4d2e083681,Kurt412 Howe413,M,GENERAL PRACTICE,1 LOVE LN,SOUTH DENNIS,MA,026603445,41.699084799999994,-70.13271830347861,2,0
f5891bd0-823f-3773-b296-ac4b2edce3ba,817a1428-2045-3e89-9fa2-ef7d287d6fa5,Gracia333 Schuster709,F,GENERAL PRACTICE,70-71 N PARISH RD,LAWRENCE,MA,01843,42.690315,-71.150015,28,0
9f1c3d6d-5334-3f45-9945-c1587a5778e2,a4af40b8-0ddb-34bb-ae4a-95a17e9ad6f3,Cristopher265 Heaney114,M,GENERAL PRACTICE,100 MYLES STANDISH BOULEVARD  SUITE 103,TAUNTON,MA,027807340,41.948930849999996,-71.14141318475193,1,0
46bcbf5e-2916-3dd1-bb58-43811907cc4a,fe675917-7b09-3afd-a6e6-128cc4de4734,Rod343 Kohler843,M,GENERAL PRACTICE,319A ALLSTON STREET,BRIGHTON,MA,021357652,42.345093,-71.139804,11,0
4a531a5c-af71-3cd4-927a-e139733e7544,7f08f09e-c5f7-38cd-83ba-ddafedd88a13,Shayne60 Pacocha935,M,GENERAL PRACTICE,133 SALEM ST,REVERE,MA,021511114,42.43833805,-71.01730877599738,1,0
43db6822-311f-3def-9f15-4f7b44dd8744,84abfbd5-41c1-3df4-9b31-7ca93cb2309a,Jean712 Block661,F,GENERAL PRACTICE,85 HERRICK ST,BEVERLY,MA,019151790,42.56415055,-70.8751357650672,29,0
5cfbc10e-696e-3ec0-b704-545c0846763b,2e1eaaf1-ebb0-332c-8921-f48e15b91879,Tambra47 Nolan344,F,GENERAL PRACTICE,2 SEAPORT DRIVE,QUINCY,MA,021711599,42.29287335,-71.03019020136307,7,0
d79ae8af-0d13-3ba6-a8df-c772dfcfbfd4,32fcdfba-8c93-30f4-b15b-dd3b65c29deb,Jody426 Bernhard322,M,GENERAL PRACTICE,20 NORTH MAPLE STREET,HADLEY,MA,010359715,42.3615107,-72.55261320852942,5,0
32a5ec32-b9ea-3921-a189-34c58ebb74e1,0ddb0329-b59d-3187-874c-602c649249c8,Lynn917 Cassin499,F,GENERAL PRACTICE,115 W SILVER ST,WESTFIELD,MA,010853678,42.1178811,-72.75935246865802,4,0
3d973f86-63ea-3a27-a7d4-2f87bf323660,2cf06ddc-4c55-3c91-98f1-fb0188079c27,Alena861 Rolfson709,F,GENERAL PRACTICE,10 VETERANS MEMORIAL DRIVE,MILFORD,MA,017572900,42.14682295,-71.50153080894427,13,0
74b4b288-7cc5-38e1-914e-b87ebedd6bd8,02c936e2-3aee-38b2-88a4-81f3689b7bb7,Royce974 Kohler843,F,GENERAL PRACTICE,120 FISHER AVENUE,BOSTON,MA,021203320,42.3276141,-71.1051603,1,0
df558c7c-6854-3d7d-97d1-f395baa3aa35,609ec9f1-e806-3427-b912-9e3b2915521d,Cherrie404 Conn188,F,GENERAL PRACTICE,575 BEECH STREET,HOLYOKE,MA,010406604,42.20105435,-72.628169560868,20,0
8d86c7ed-8d92-39f5-8880-b6f0ea6382c7,2b84e56e-08b4-3078-b3ea-4d159208e065,Verda448 Bahringer146,F,GENERAL PRACTICE,1029 PLEASANT ST,BRIDGEWATER,MA,023242301,41.9718173,-71.00937893001648,215,0
4bab307b-e89b-3792-96c5-bb96f1386016,4ffa4412-1493-3beb-b8f0-6614dde953a4,Harland508 Ryan260,M,GENERAL PRACTICE,363 HIGHLAND AVENUE,WAREHAM,MA,025715011,41.745636,-70.658192,60,0
d40210c6-9f1e-3100-bce8-9f1cf00e30bf,a14e698d-a9ba-3eae-9c8b-682ec726433d,Brian582 Cummerata161,M,GENERAL PRACTICE,776 WESTERN AVE,LYNN,MA,019052408,42.466763,-70.9494939,202,0
25917969-2c4e-3bc7-8828-b97ad6b5636b,c3a898a1-c269-39b4-80d7-accb96a03bbc,Keith571 Friesen796,F,GENERAL PRACTICE,32 CHESTNUT ST,EAST LONGMEADOW,MA,010282803,42.0532618,-72.50214900582449,1,0
cebfb92c-ae94-3f8f-8c09-f29d647838e6,d4b9a3f0-210d-3e46-a2c7-e099658ac543,Lucina142 Moen819,F,GENERAL PRACTICE,7000 GREAT MEADOW ROAD,DEDHAM,MA,020264090,42.266408549999994,-71.19518435636284,6,0
ddff59d5-d26b-3242-8da0-f06c5682e7ae,5ba6765a-f335-36b0-9c6a-6bb494c5330d,Sasha806 Schamberger479,F,GENERAL PRACTICE,31 OLD ROUTE 7,WESTWOOD,MA,020902333,42.2139873,-71.2244987,24,0
93cfc4d2-c910-3cf3-b22f-d958e45920c8,b6eeaaf7-1683-3bcb-b6ee-81ce304636ef,Zachery872 Pagac496,M,GENERAL PRACTICE,170 GOVERNORS AVE,MELROSE,MA,021763225,42.4564323,-71.064182,185,0
2e773178-4a0e-3060-8417-3d98041e23fa,65eda534-1bdc-3192-8d02-1c3764447790,Alonso270 Hand679,M,GENERAL PRACTICE,1244 BOYLSTON ST,CHESTNUT HILL,MA,024672115,42.3214927,-71.1711481,62,0
d2a88932-4177-3525-a332-f9760238e07a,d613e441-68e8-3502-8adb-3f770a1276bf,Colin861 Witting912,M,GENERAL PRACTICE,114 WATER ST,MILFORD,MA,017573007,42.13661855,-71.53474614336832,46,0
704ec6db-c6e8-375a-9994-1b9001c5a3e2,de29a374-221b-3cb4-8051-a02c1a35e5b7,Morgan564 Marvin195,M,GENERAL PRACTICE,562 WASHINGTON ST,SOUTH ATTLEBORO,MA,027036942,41.912892049999996,-71.36135809627689,49,0
3ef777c1-9f18-3b87-8b35-14feb3647051,b03b624d-c939-3688-986d-9555b8009a3b,Trinity427 Hartmann983,F,GENERAL PRACTICE,230 MAPLE ST,HOLYOKE,MA,010405144,42.207406,-72.608419,177,0
b7075617-ea5b-3abb-b44f-474d2b7e96bf,18061fd5-fda8-3e2d-87f0-0f3c87211bcc,Omer483 Koepp521,M,GENERAL PRACTICE,1493 CAMBRIDGE ST,SOMERVILLE,MA,021431408,42.3875968,-71.0994968,264,0
7469f538-9a37-3249-ba80-8d6208220341,811cc811-0061-341c-a719-9ba7ef8dc699,Amalia471 Henríquez109,F,GENERAL PRACTICE,245 VINEYARD HAVEN-EDGARTOWN ROAD,EDGARTOWN,MA,025396941,41.395500350000006,-70.5300948008162,37,0
f3ed818b-6d68-36fe-94b9-7c44d9e67e9c,45ce6eff-535b-37e2-bed3-1946200aa03f,Sang383 Blanda868,M,GENERAL PRACTICE,309 BELMONT STREET,WORCESTER,MA,016041059,42.280233499999994,-71.7694812367883,231,0
2f4198d3-6692-31ab-b743-71db9aaa1f05,1e11392b-1278-3e70-93cd-f396cbd0c265,Gino587 Block661,M,GENERAL PRACTICE,115 LINCOLN ST,NATICK,MA,017607700,42.2843753,-71.3441395,196,0
17db2019-9f7e-3edb-8ca0-9f6bcf21e655,fe30f2b4-9bc8-346e-afba-4455d1766545,Rebeca548 Zapata667,F,GENERAL PRACTICE,17 LAFAYETTE AVENUE,CHELSEA,MA,021502010,42.40019115,-71.03050082480353,60,0
c9304fd6-179e-3b6e-ba5b-b13d6565c37c,6cf8a214-8d57-3267-85e5-7719e15cd63e,Cindie288 Zulauf375,F,GENERAL PRACTICE,170 MORTON STREET,JAMAICA PLAIN,MA,021303735,42.299067750000006,-71.10124351911541,305,0
974afa2a-f8ed-301a-ba7d-6876b8ced0a7,0fedae9f-701f-3317-9b2f-69aea2202cdc,Sharron285 Batz141,F,GENERAL PRACTICE,88 EAST NEWTON STREET,WINTHROP,MA,021522715,42.3750976,-70.982827,280,0
b50eb8ba-8c47-383f-a811-f01006a6b0e9,ccb716b1-277f-3eff-999f-3ac0df45713a,Graciela518 Soto31,F,GENERAL PRACTICE,25 LAFAYETTE ST,MARBLEHEAD,MA,019451939,42.4938348,-70.87382362834484,1,0
833833ee-f09e-3a14-b1d0-b4d8b9feea29,733fc7d0-7cf3-3995-82ef-a9883b807273,Daryl568 Yundt842,M,GENERAL PRACTICE,175 FRANKLIN STREET,NORTH ADAMS,MA,012472712,42.70707,-73.10094536747326,8,0
0ccae04a-9b1e-3cc1-b823-aa94bbbe941e,aade280a-3b90-3e48-9648-91109a964a63,Josef103 Klein929,M,GENERAL PRACTICE,909 SUMNER ST,DARTMOUTH,MA,027473826,41.6332267,-70.9879928,253,0
f77de464-0150-3424-ab4b-d4d151ab1609,981338c4-287c-3621-bc45-8b0b9f1b8922,Denis399 Kohler843,M,GENERAL PRACTICE,640 BOLTON ST,MARLBOROUGH,MA,017523999,42.3658183,-71.55914630258509,14,0
36851345-6d2b-3621-b91b-5cfe3630c184,96e9e829-0b71-3ad3-8b41-60e25b5d47d7,Lesley194 Crooks415,F,GENERAL PRACTICE,111 ORIENT AVE,EAST BOSTON,MA,021281006,42.39055278090538,-71.00587148689957,3,0
2ebb7fa8-25b1-301a-89a9-b86d17fc52a3,7a3b8310-02eb-3c47-aa1b-3f55b3ed9de9,Leif534 Dare640,M,GENERAL PRACTICE,6 HATFIELD ST,NORTHAMPTON,MA,010602545,42.333172950000005,-72.6566355591273,11,0
a848ed66-0fa0-3f22-8391-94d430df4f01,980d9bfa-a344-3bff-8c02-232dd0e8fd34,Pearlie554 Lakin515,F,GENERAL PRACTICE,100 TRADE CENTER SUITE G-700,WOBURN,MA,018011851,42.4792618,-71.1522766,42,0
e245770f-22d6-3447-9a2d-968f4d54ea64,f480acd0-7ef1-350d-aae6-d8e7d53ace57,Gil594 Ondricka197,M,GENERAL PRACTICE,1193 SEA ST,QUINCY,MA,021693544,42.26883395,-70.95264075087945,38,0
5e700555-190b-35de-999f-904bf8ecd7c9,0fab3c4e-a028-39a6-b15a-be5a88b6aa2a,Miyoko154 Paucek755,F,GENERAL PRACTICE,222 STATE STREET,LUDLOW,MA,010563437,42.15547415,-72.47222226666076,536,0
b94d8070-d1bc-3499-a0f0-67fbc9f311c4,3b021cb6-4745-3d9d-8436-230055f770bd,Eleni953 Franecki195,F,GENERAL PRACTICE,148 CHESTNUT ST,NEEDHAM,MA,024943238,42.27728075,-71.23665362814043,740,0
702644d6-e03c-377f-8720-c06b9dbc5afe,aaa7ebaf-b1a0-38c1-ba89-a16712cf431c,Violette536 Halvorson124,F,GENERAL PRACTICE,16 PLEASANT STREET,BRIDGEWATER,MA,023242420,41.98625885,-70.97978204646246,25,0
8c7e1d55-9e49-3680-83ab-f773ec48accf,ce53c877-0290-390a-b4b4-2462001a1713,Greg949 Hilll811,M,GENERAL PRACTICE,847 ROGERS STREET  SUITE 201,LOWELL,MA,018524345,42.6275246,-71.27673639687623,9,0
916903ca-e3c1-3a85-ae4d-7229fd4cb1e9,e9a24be5-b0a3-3fd2-a606-dd13498024ea,Darwin703 O'Hara248,M,GENERAL PRACTICE,85 E MAIN ST STE A,NORTON,MA,027662307,41.971697,-71.17689334021827,72,0
7cfd854f-2a8f-3fc5-b5f4-04057e744ca3,84e8a269-7237-3c04-b718-3bf9c380b022,Clifton91 Smitham825,M,GENERAL PRACTICE,689 MAIN ST,HAVERHILL,MA,018302643,42.79561875,-71.08512512499847,2,0
0f3ff5ed-9095-3f23-bab8-12be1f490f65,2befa435-3070-3350-a15c-e43ac1e84b24,Dee580 Schuster709,M,GENERAL PRACTICE,575 BEECH STREET,HOLYOKE,MA,010406604,42.20105435,-72.628169560868,19,0
88f03667-c656-39c9-82a0-599b3b439e7c,b8421363-9807-3b16-a146-95336eea5cfb,Cleveland582 Kuphal363,M,GENERAL PRACTICE,30 LOCUST ST,NORTHAMPTON,MA,010602052,42.33032115,-72.65330802608176,1168,0
6f0a107b-742b-3b30-9163-384dcd830e6b,3498e7d3-90fd-366b-bc6a-6f41dad6bae6,Olympia319 Bradtke547,F,GENERAL PRACTICE,112 WEST MAIN STREET,NORTHBOROUGH,MA,015321824,42.318559050000005,-71.65097281611972,4,0
e563d80e-4139-32cc-9c63-d7733aef4316,37111f41-8bc5-35d3-9cd9-5b447a11ffd1,Derek111 Greenholt190,M,GENERAL PRACTICE,TEN INGALLS COURT,METHUEN,MA,018443712,42.7262016,-71.1908924,1,0
676c899f-21dc-351e-9504-c468a5e9b9cf,cf188e5a-8e03-39fa-9b64-542d64aff1eb,Roxann426 Schroeder447,F,GENERAL PRACTICE,300 BARBER AVE,WORCESTER,MA,016062476,42.295748599999996,-71.7982883685108,1,0
c00a466d-3a21-385d-81bd-966fdce63ffc,3076e02a-deac-3e81-96a9-1d32cbda6fca,Cecil300 Kilback373,M,GENERAL PRACTICE,59 EASTWOOD CIRCLE,GARDNER,MA,014403901,42.567006649999996,-71.97817904424542,2,0
25e87df7-d714-3b33-aa48-581e00f01c89,fbd4ccdf-2fdb-3652-9bbe-1ccff886bd34,Tana168 Collins926,F,GENERAL PRACTICE,320 CENTRAL STREET  UNIT A2,SAUGUS,MA,019062372,42.4632069,-71.0093761,12,0
f4d26981-851b-3863-ae4b-54e000e917c2,6170552c-4d27-3e64-8068-64a380f1837d,Leo278 Pacocha935,M,GENERAL PRACTICE,76 SUMMER ST,HAVERHILL,MA,018305814,42.7786873,-71.07306505177553,146,0
60217e30-f859-35a3-a570-fdc2b02d7a8f,e6cc6043-299a-3581-8f6b-b3b5d62c46ae,Fritz267 Farrell962,M,GENERAL PRACTICE,532 SUMNER AVE,SPRINGFIELD,MA,011082458,42.08631583333334,-72.55792579166666,56,0
acb56ac6-344c-3f4d-a293-39b07d9c6fde,22249c0a-8ce9-3726-a3bb-b037c773ce5c,Leah288 Sauer652,F,GENERAL PRACTICE,337 NEPONSET AVENUE,DORCHESTER,MA,021223103,42.2875144,-71.0470691675753,2,0
68736095-59ac-356c-94b7-08c6e7c4bfb3,18df2721-3f76-3f83-94d5-63597cedd298,Gail741 Romaguera67,M,GENERAL PRACTICE,909 SUMNER ST,STOUGHTON,MA,020723396,42.1005097,-71.0830269025407,131,0
d63f8212-6cf7-37b9-b6e5-74c8a2e55995,38508743-50d1-3429-8fe2-37e42ddaf20e,Marth98 Mayer370,F,GENERAL PRACTICE,164 HIGH ST,GREENFIELD,MA,013012778,42.595268700000005,-72.59288632376354,89,0
fc2a50e5-eb82-34aa-9b29-7726feb248e8,dd3307db-114c-3f11-be44-a9eef6bb3fc5,Carlota980 Casárez469,F,GENERAL PRACTICE,269 UNION STREET,LYNN,MA,019011201,42.4652772,-70.94362420273097,57,0
4c9869f8-5a8f-3267-afcb-3bcb53e1f8ae,36d96ba1-1b43-3fda-b4b0-84205d5b3a16,Kurtis994 O'Conner199,M,GENERAL PRACTICE,10 BELLAMY ST,BRIGHTON,MA,021351502,42.354847649999996,-71.16853348093532,2,0
04f73f12-e8fa-3154-89e5-f07e763cfa40,f2068cee-c75c-321d-9b2c-c33535db89c9,Charles364 Prosacco716,F,GENERAL PRACTICE,32 BOSSI AVE,RANDOLPH,MA,023682002,42.20017865,-71.0582074,21,0
2946b93a-a87b-37cd-9b7d-a617b29ebce8,15d4c950-4691-3996-b4c4-bf06bfb58ff7,Alvin56 Crona259,M,GENERAL PRACTICE,70 EAST ST,METHUEN,MA,018445883,42.7285558,-71.16833738237946,659,0
cd23ed15-3392-3f5e-ba59-966dccd63224,2e8b42f8-4300-30a9-a576-d513d1021a0a,Chris95 Haag279,M,GENERAL PRACTICE,600 CLARK RD,TEWKSBURY,MA,018761699,42.63120935,-71.27023603178071,67,0
e62b2a1f-7500-3539-94db-3f0f63ef5292,d140ed3f-2696-3e78-bd77-1c959ec4fc4d,Jamal145 Marks830,M,GENERAL PRACTICE,863 HATHAWAY ROAD,NEW BEDFORD,MA,027401916,41.6512968,-70.9669902070805,17,0
29efc2db-ea72-3b8f-b89c-dcdf85b760d2,1cff30ba-b91f-3ea2-b80b-770d67856358,Annamae625 Halvorson124,F,GENERAL PRACTICE,359 JONES RD,FALMOUTH,MA,025403341,41.5591273,-70.60352436630029,2,0
f84e339b-3005-3154-a6fc-54d496bd32fe,d4e48a16-0a60-3e90-81e5-c35b22ffe6af,Elmer371 Kutch271,F,GENERAL PRACTICE,856 STATE RD,NORTH ADAMS,MA,012473027,42.69967208677275,-73.16330754755236,9,0
a9767557-e284-3809-8085-748a57761ea0,39c15c0f-5c49-311e-99d2-1fb99d80e06e,Salvador46 Homenick806,M,GENERAL PRACTICE,398 NEPONSET AVE,DORCHESTER,MA,021223134,42.286764399999996,-71.04402811508834,31,0
470769ec-f264-35d4-bf57-b106577d04c4,bccd7d67-203c-3d93-b6b0-bff5a146cd1d,Courtney281 Kihn564,M,GENERAL PRACTICE,286 WASHINGTON ST,STOUGHTON,MA,020721763,42.1384306,-71.1022598,16,0
964331b5-2342-3af9-868c-e0a217fd49ea,a2a41caf-758f-3962-8e5f-e6e603f93d17,Noelle559 Padberg411,F,GENERAL PRACTICE,111 HUNTOON MEMORIAL HWY,ROCHDALE,MA,015421305,42.2020225,-71.89891616754682,6,0
90cb5e7f-c190-3e5f-9588-81d95543fa22,0d24cc89-3256-330c-b36d-d8de8babef84,Will178 Bernhard322,M,GENERAL PRACTICE,1030 FALMOUTH RD,SOUTH YARMOUTH,MA,026641218,41.6667779,-70.1847414,55,0
44323706-a1ae-3236-a871-aff3d354b25b,8ae6a210-708f-3b23-b7d3-ac7948abd2b0,Khalilah870 Dare640,F,GENERAL PRACTICE,631 LINCOLN ST,WORCESTER,MA,016052010,42.2975664,-71.76536802164628,27,0
b16b0c4d-a288-3be2-b552-ecbf9b0feb2c,db28cc9a-fdfb-35a6-aef7-ab9b933ef244,Judy192 Gleason633,F,GENERAL PRACTICE,8 DANA STREET,CAMBRIDGE,MA,021385402,42.3694992,-71.11011030010101,52,0
c979b2a0-5294-3b45-85d1-1e8a66f00c0c,ee6705d5-db4a-3120-bbe1-1e72972a841f,Regena252 Huel628,F,GENERAL PRACTICE,101 JACKSON ST,LOWELL,MA,018522103,42.64221447368421,-71.31029421052632,67,0
07c992cd-b0cd-3183-badf-edc41dd906b8,a6fb79e7-4abb-3a68-b62d-e501427fdca4,Ricky354 Renner328,M,GENERAL PRACTICE,489 WASHINGTON ST STE 202,AUBURN,MA,015015709,42.187836,-71.83104,49,0
41220d6d-b229-3834-80bc-f6538a59c752,4e3c60e6-dbed-32c3-9b03-767d7fbc82b0,Venita81 Lind531,F,GENERAL PRACTICE,222 RIVER RD,LEEDS,MA,010539783,42.364084399999996,-72.70745188531934,3,0
7b5233ad-8cb1-3ce0-b137-084b83a6c517,9d0e702d-50a0-3f4c-9126-0951d560fd4b,Hellen346 Roberts511,F,GENERAL PRACTICE,189 MAY ST,WORCESTER,MA,016024339,42.25986305,-71.83597786023279,296,0
faff86f7-e364-36f8-8ba6-a77bc79502ea,81b1ef2b-8d3c-3923-859d-ae56099e037a,Lesley194 Bradtke547,M,GENERAL PRACTICE,19 VARNUM STREET,LOWELL,MA,018502132,42.6520846,-71.29979019978185,3,0
7af514b3-1fde-3c12-b9f0-bbab5b1d6bad,2fa36ef4-0a5b-358e-b76f-f4ada6c48e8b,Donn979 Lindgren255,M,GENERAL PRACTICE,90 ROUTE 6A,SANDWICH,MA,025635301,41.76404705,-70.50066669296109,48,0
1c6210c5-2ce2-3fbc-8723-e72266320dba,c7542447-e06e-32cb-b6db-243c23a0dbc2,Carson894 Krajcik437,M,GENERAL PRACTICE,30 WARREN ST,BOSTON,MA,021353602,42.3501483,-71.14393324457691,291,0
bc69686e-aa91-3d04-b8ed-2e04ec4cd2df,8bf5325a-c11b-35c4-b07d-17a5aeba8353,Rueben647 Okuneva707,M,GENERAL PRACTICE,815 WORCESTER STREET,SPRINGFIELD,MA,011511001,42.1018764,-72.5886727,4,0
084b1533-3555-382a-b8bb-db92e605a49b,aba3e6f6-4562-342e-b90f-dd61b117f394,Maryjane289 White193,F,GENERAL PRACTICE,438 CHESTNUT STREET,SPRINGFIELD,MA,011072008,42.11291091861002,-72.59692685125127,1,0
c048911d-6854-3825-b4cb-4bec5a9e03c8,a4b91172-69e7-3895-bd89-b9a0868de5c2,Salvador46 Wolff180,M,GENERAL PRACTICE,651 ORCHARD ST,NEW BEDFORD,MA,027441052,41.6149879,-70.93113851963673,36,0
4636c792-6507-3f1e-9b41-d64d3c5f87fd,47fb5a56-bee5-3ecd-9958-706b20831c82,Karey608 Torp761,F,GENERAL PRACTICE,600 CUMMINGS CENTER  SUITE 270X,WOBURN,MA,018016356,42.4792618,-71.1522766,2,0
1255d695-26ba-373e-aefb-b86ef269b20e,be509ccb-bfb7-3b87-8945-8426b689ef9d,Chong355 Balistreri607,F,GENERAL PRACTICE,2049 DORCHESTER AVENUE,BOSTON,MA,021244742,42.3554334,-71.060511,3,0
b543cf2d-2cfd-3acf-87e9-4f2ab173f5c4,065eba51-cef7-3976-8654-ba8e7df887ce,Lyndon118 Block661,M,GENERAL PRACTICE,1165 NORTH PLEASANT STREET,AMHERST,MA,01002,42.40927615,-72.52971238527101,7,0
96ead76f-0a50-37ed-b0e3-73293504ed96,6873525f-1680-3ceb-b536-270d44b46e2e,Raymond398 Nicolas769,M,GENERAL PRACTICE,500 COLUMBIA RD,DORCHESTER,MA,021252322,42.3147979,-71.067633,139,0
31d5432b-36bf-30e3-8d07-6bbffaf12931,f8918a95-31e8-3ac4-8d12-29ca6080ebda,Rudolf736 Vandervort697,M,GENERAL PRACTICE,199 REEDSDALE RD,MILTON,MA,021863926,42.251368299999996,-71.0768393856917,64,0
85b45994-8d64-3e60-a1b0-4a5118aeaff5,bce5b907-584b-345d-bbcf-912cf56cb6c3,Monte325 Parisian75,M,GENERAL PRACTICE,11-15 SANDERSDALE ROAD,WORCESTER,MA,016032467,42.0667952,-72.0084995,12,0
c42b3de1-9e25-3fe9-92a4-160fda4416d1,9cec3b3c-fe3f-344e-b9c3-e414dafcd19f,Parthenia862 Dickens475,F,GENERAL PRACTICE,120 MAIN ST,MALDEN,MA,021486904,42.41918695,-71.06618960434116,1,0
3fa33b7e-a34c-3d5c-abb0-02668aa318fb,8d5880eb-1dd8-31ea-b7c5-21709f3bb341,Jared66 Satterfield305,M,GENERAL PRACTICE,50 ROWE ST,MELROSE,MA,021763201,42.4592093,-71.06078096379728,101,0
1cbb907c-d8a7-36d0-97ff-8d211c2e68fc,3ff0f58b-7a1f-3334-9449-ff15f68b7d86,Winston220 McCullough561,M,GENERAL PRACTICE,275 SANDWICH ST,PLYMOUTH,MA,023607761,41.94186605,-70.6455366462985,98,0
c49769c4-5e3f-31ef-9632-70fbc8f7c9d5,70e3ad4f-b9ff-3f3e-9990-2cd7e23a9d1c,Tambra47 Bosco882,F,GENERAL PRACTICE,1238 RIVERDALE ST,WEST SPRINGFIELD,MA,010894675,42.1373438,-72.62624707492338,28,0
21414267-92a6-3395-8a07-c862c1f3d2c9,7e8bd0f2-2746-355e-92ef-9473818c58a2,Ivory697 Okuneva707,M,GENERAL PRACTICE,90 SUTTON STREET  SUITE 3-4,NORTH ANDOVER,MA,018451655,42.705281049999996,-71.13643624887442,4,0
ddea4313-d37d-3769-b900-199b42cbd0be,dd280187-8662-3732-af81-595d10572911,Clifton91 Lakin515,M,GENERAL PRACTICE,4499 ACUSHNET AVE,NEW BEDFORD,MA,027454707,41.74026055,-70.9450945705336,41,0
2a8deacc-9f38-304f-9525-a3dca9752768,a6964d47-8af0-3df2-b99d-d8414eb1cfa3,Rafael239 Delafuente833,M,GENERAL PRACTICE,200 MAY ST,SOUTH ATTLEBORO,MA,027035520,41.924394750000005,-71.36076410900014,47,0
8da39895-db59-39e0-b9a2-a41b3aaa9756,004554b4-3068-3938-832d-fa7cbe1cd1fb,Lacy523 Littel644,M,GENERAL PRACTICE,25 STONEHAVEN DRIVE,WEYMOUTH,MA,021903951,42.1589443,-70.94970431672323,9,0
7c8d777b-e5ac-383d-8666-3e5b6e99df33,dac75bc1-cbfa-306b-9a0a-88d5edf3638d,Addie421 Ebert178,F,GENERAL PRACTICE,170 COREY ROAD,BRIGHTON,MA,021358244,42.3433093,-71.14003855124017,3,0
28b78ce6-0cb4-310b-9dcc-d304741ab0ee,b7b02632-03e1-330a-aa40-fdee22899633,Corie618 Cormier289,F,GENERAL PRACTICE,840 HARRISON AVE,ROXBURY,MA,021203432,42.3279605,-71.0830607,40,0
2fcee037-7f2b-37ac-9eb3-e6aa94b9648c,f82ff162-c689-3682-876c-220cf96eb97b,Billy698 Schoen8,M,GENERAL PRACTICE,74 MAIN ST,FRAMINGHAM,MA,017022952,42.2976266,-71.42605348361442,54,0
c4ce3126-9d54-3ec7-866b-11ef585d5414,9d989fcf-4ad9-3972-ada3-f275d967781e,Dominic463 Miller503,M,GENERAL PRACTICE,100 TER HEUN DR,SANDWICH,MA,025632377,41.7579043,-70.4968152,50,0
88bfb328-d2e3-3b8c-a2ad-f96863dea724,87472bc2-7c23-37cc-8355-7f3e88614b6b,Leilani136 Kris249,F,GENERAL PRACTICE,305 MAPLE STREET,EAST LONGMEADOW,MA,010282765,42.059258494749486,-72.53388585052694,20,0
d7ddff74-7004-3d69-a1b8-624d8a476d8c,af3871c3-2098-3051-bcb7-8a919e194a16,Elsa29 Hernádez343,F,GENERAL PRACTICE,97 LIBBEY PKWY,WEYMOUTH,MA,021893110,42.19322885,-70.94589987654936,37,0
30e7b3f0-eacd-3381-9471-032c72700aea,9f2f60a6-87a4-3f45-b753-b63b5b7e9993,Maricruz991 Considine820,F,GENERAL PRACTICE,332 HANOVER STREET,BOSTON,MA,021131901,42.3647421,-71.0536619,128,0
0141f758-1bd0-34d1-8657-fb49bfc4fb04,a730c5e6-a15f-3e36-8112-8579e507d330,Drew592 Ankunding277,M,GENERAL PRACTICE,28 LORD RD,MARLBOROUGH,MA,017524549,42.34718040987546,-71.57283065352654,30,0
af4ce7ab-cfc0-354e-b9f1-65b2f83b0f48,4ffc4e4b-9d8d-3c30-ad84-fc9a7209da94,Troy560 Carter549,M,GENERAL PRACTICE,4525 ACUSHNET AVENUE,NEW BEDFORD,MA,027454727,41.74080975,-70.94731021257817,1,0
c91363cb-2f87-3c2c-93f1-b72e252ead13,82248deb-13cc-31b2-8764-0233e159a93a,Lan153 Kemmer137,F,GENERAL PRACTICE,19 DEPOT STREET,ADAMS,MA,012201856,42.623644600000006,-73.11852130252683,45,0
5ae4c032-fdc9-3cf6-b63e-b1913f0f6e5c,5a6fa8a5-90e2-3f70-bb3e-3d9dd7ad2f96,Josue598 D'Amore443,M,GENERAL PRACTICE,44 NEW LOMBARD RD,CHICOPEE,MA,010204857,42.1678446,-72.54203576723424,3,0
0e812fb3-06aa-3047-a8ec-66ea2c8414ef,ce4d0501-49eb-396a-bc56-545fdfc624b0,Mauricio81 Daniel959,M,GENERAL PRACTICE,1 HOSPITAL RD,OAK BLUFFS,MA,025571406,41.46063105,-70.57989080295974,5,0
c6925d0e-5244-3bb9-9c57-592efc449821,70e943de-a18b-3e03-a204-ecca2f01b6d1,Liliana922 Wolf938,F,GENERAL PRACTICE,76 NORTH MAIN STREET,WEST BOYLSTON,MA,015831130,42.393642299999996,-71.79207534741954,6,0
c7da6ce8-4556-33ae-b131-33dcc0b1c59d,e69e7cbb-8362-30d1-83f2-3a0c492fe2b1,Isaac321 Kub800,M,GENERAL PRACTICE,110 LONG POND RD,PLYMOUTH,MA,023602642,41.9255829,-70.65514326847389,46,0
86cfcc13-dda8-3f3c-ab76-a4f441c78232,afc661fd-71d9-3fc3-adf2-3fc3b5e8a140,Hyman89 Schmeler639,M,GENERAL PRACTICE,680 CENTRE ST,RAYNHAM,MA,02767,41.9487118,-71.0731008,268,0
f4d372a3-32a1-3740-83ba-8fdbe889a573,ee7fab6f-6438-394f-b1f2-3e452f8f055a,Domonique463 Satterfield305,F,GENERAL PRACTICE,75 BRIMBAL AVENUE,BEVERLY,MA,019156009,42.570099299999995,-70.87108224250409,4,0
3c0efb53-4527-34cc-8737-a5e4a473122c,79508e39-d0b0-3613-9d54-168f6e1c3a18,Antonette454 Tromp100,F,GENERAL PRACTICE,200 GROTON ROAD,GROTON,MA,014502056,42.577352149999996,-71.57414587343038,41,0
d93ece4c-e38a-3616-85ec-7cdcea6078b4,3b7f8ddb-f9b8-3adf-9608-4f4bd7f2c4f0,Hollis7 Sipes176,M,GENERAL PRACTICE,125 HIGH ST,MANSFIELD,MA,020482165,42.02751025,-71.2223420309856,14,0
076fce87-d7bb-3eda-9f38-b90b4cbf28c1,907b1d2f-2bf8-31b5-abc2-14d6b75faa96,Sofia418 Domínguez946,F,GENERAL PRACTICE,340 MAPLE ST,MARLBOROUGH,MA,017523200,42.3358161,-71.54106510218209,64,0
2ace6806-9f7b-3172-913a-9695d7bbe280,65cf1d58-590c-3fc8-b68b-f429129a0f79,Esperanza675 Delagarza9,F,GENERAL PRACTICE,241 WINTER ST,HAVERHILL,MA,018314835,42.77792505,-71.08618205019678,4,0
5da13c4f-4ff0-3877-a8c4-e3057dc067a9,880fad59-9c38-3a21-a39f-ccc801502ab3,Halina47 Pollich983,F,GENERAL PRACTICE,799 CONCORD AVENUE,CAMBRIDGE,MA,021381048,42.390849395521705,-71.1556550001627,8,0
c4fae79b-21da-3397-b668-5e0de1ef0104,352f2e3b-0708-3eb4-9f7e-e73a685bf379,Araceli695 Willms744,F,GENERAL PRACTICE,157 UNION ST,SOUTHBOROUGH,MA,017721215,42.3056501,-71.5245087,81,0
a95a4140-9662-3ec7-b709-35d027fa4c68,ef95a6b4-cf95-32c2-b6e5-0488faaa3ac4,Jacques50 Walter473,M,GENERAL PRACTICE,259 LOWELL ST,SOMERVILLE,MA,021442666,42.3922293,-71.1061564,41,0
df7d440c-fd71-3af4-beb2-caed15f6bf50,e34d8448-8b98-3f91-9fe7-faeb8a78e1db,Jill895 Monahan736,F,GENERAL PRACTICE,NEW ENGLAND SINAI HOSPITAL,MILTON,MA,021862377,42.2501425,-71.065573,4,0
d66083fb-4b92-3aa6-8341-aca76fcaa99c,0fa1cab9-83c1-3c85-b7bc-53d8b922e2f7,Annita733 Frami345,F,GENERAL PRACTICE,115 LINCOLN STREET,WORCESTER,MA,016081216,42.2768165,-71.795274,10,0
3c0a4d15-3e46-3bba-91b2-9bad6f540bbe,4887dc20-9ef6-3cc2-9c56-858388049a50,Renato359 Kertzmann286,M,GENERAL PRACTICE,168 WEST CENTRAL STREET,NATICK,MA,017604122,42.282113100000004,-71.37898579435048,12,0
daf00ee8-49db-3b18-91dc-684aacced7e7,4fa643ae-1f58-3c2e-9f33-0ba56345ad10,Sharyl439 Williamson769,F,GENERAL PRACTICE,361 MAIN ST,WAREHAM,MA,025712153,41.761384899999996,-70.71911431737183,37,0
c1e5ffae-3b72-3b88-b0d8-c38cf7e8eb1d,2b97893e-dc50-378b-a266-f089b8450329,Magdalena964 Torphy630,F,GENERAL PRACTICE,250 MOUNT VERNON ST,DORCHESTER,MA,021253120,42.3194571,-71.04610844302991,52,0
52fbaf89-1a7c-3aa8-8aaa-eb56f5067586,3d5fbf38-c781-3e04-8c7e-5a402611b7d4,Rebeca548 Padrón382,F,GENERAL PRACTICE,260 ELM ST,SOMERVILLE,MA,021442951,42.3955992,-71.1227391,107,0
91ae1cd6-a714-3929-9f5a-2fbe69c0755a,f43f97f2-af04-3ed0-a42e-3681718cc9b2,Dorcas534 Quigley282,F,GENERAL PRACTICE,725 NORTH ST,PITTSFIELD,MA,012014109,42.4600752,-73.2492795834909,7,0
a744cc9d-ab67-3549-ba1d-af1198f2096a,fd5342f0-10c0-3f48-9c7e-7100a64db139,September423 Abshire638,F,GENERAL PRACTICE,30 PRINCETON BOULEVARD,LOWELL,MA,018512405,42.6353691,-71.3322833,6,0
3b232f1e-823b-3b71-9b18-8a9c73096232,03c5769d-b185-35ee-b563-9e651cff95bc,Delbert384 Rohan584,M,GENERAL PRACTICE,807 WILBRAHAM RD,SPRINGFIELD,MA,011092067,42.1108434,-72.5341133,1,0
2018564e-882f-34b7-983c-6b29ef12a523,0d19a52f-6f9b-32aa-9aad-6b7027cc668e,Indira327 Mills423,F,GENERAL PRACTICE,7 SANDISFIELD ROAD BOX 216,SANDISFIELD,MA,012559621,42.1131485,-73.1299243,2,0
12e21e92-838d-3ebf-9f38-e2d281b10b25,88975fd9-b47e-3af6-af78-c58e1ecf0d5e,Azzie965 Feil794,F,GENERAL PRACTICE,115 W SILVER ST,WESTFIELD,MA,010853628,42.1178811,-72.75935246865802,1,0
7ac8484a-0526-3ea9-ae07-ea646619f27d,94ac48ba-e215-3ab9-ba88-a0b926d29cef,Nerissa37 Hahn503,F,GENERAL PRACTICE,300 WINTHROP STREET,MEDFORD,MA,021552311,42.421527,-71.11834,2,0
dbf3b778-bcb1-38ac-a2d6-a3036f359039,0334ad53-5d57-384e-a411-63b075139c06,Stephen891 Stamm704,F,GENERAL PRACTICE,66 CENTRAL STREET,EAST BRIDGEWATER,MA,023331913,42.03160525,-70.9572577506426,7,0
a1a90fe2-3454-326b-a563-14ec5beb027d,b3f4de6b-901d-3856-ba81-35dc48a63d17,Jeana169 Cronin387,F,GENERAL PRACTICE,451 ANDOVER ST STE 205,NORTH ANDOVER,MA,018455079,42.6734518,-71.1268776,44,0
a8fb8217-c595-328b-8df9-f9c13dba7c89,e5ce3b83-f5e6-308d-aa64-82539fc2d906,Kyong970 Dach178,F,GENERAL PRACTICE,1842 BEACON ST,BROOKLINE,MA,024451922,42.33728028715071,-71.14536064081996,4,0
b945e08c-bd8d-3e55-81f4-395f121c36b7,936ceb96-2b12-371f-aa68-ee02a9c06f4c,Alan320 Keeling57,M,GENERAL PRACTICE,225 BOSTON ST,LYNN,MA,019043124,42.470497449999996,-70.96003668151566,90,0
d49a5eee-4f96-334d-aee1-e9e88ac1176c,0a8a4b11-d0b8-3cd2-92cd-983de5189cfa,Javier97 Zamudio115,M,GENERAL PRACTICE,111 BIRCH STREET,LYNN,MA,019021574,42.47859105,-70.93458444045801,4,0
3b018de3-4694-383b-8fb7-b7ff32b3ef84,d3fe08e0-6fdc-36bc-8f88-c8b7654cdcd8,Eustolia154 Paucek755,F,GENERAL PRACTICE,545 SW CUTOFF STE 9,WORCESTER,MA,016071766,42.211685200000005,-71.7968399931798,2,0
9edcf395-32f7-35b7-95a6-577803dcafec,7b7ce654-a413-37d1-9d34-97240c0ac580,Liberty95 Kihn564,F,GENERAL PRACTICE,1 WRENTHAM ST,BELLINGHAM,MA,020192532,42.025037350000005,-71.48945118224057,6,0
4d8930b1-187c-3f27-a551-e62503a302e8,7b20d1c4-c56b-3647-801c-5e4e13679073,Riley817 Prohaska837,M,GENERAL PRACTICE,275 SANDWICH ST,PLYMOUTH,MA,023602183,41.94186605,-70.6455366462985,63,0
4e04a0ce-6961-3337-8710-683512ef1957,880c8804-deb0-35b0-9132-06950118b8b3,Sherron201 Flatley871,F,GENERAL PRACTICE,150 LINCOLN STREET,NEEDHAM,MA,024922914,42.2743931,-71.23662905222776,6,0
faba4f15-c43d-3173-855c-44647fc1f248,281525ef-5743-34a8-9339-66c8b4be6668,Dane516 Crona259,M,GENERAL PRACTICE,555 PLANTATION STREET,WORCESTER,MA,016052376,42.2907683,-71.7649752,1,0
8ce42e95-8219-3aed-8d59-6cc3df3ea8b4,3e97ce4f-3ad7-3cea-883f-e2bb4ca89d83,Fidel864 Swift555,M,GENERAL PRACTICE,30 NEW CROSSING RD,READING,MA,018673270,42.51809619399502,-71.0959083715027,88,0
4a6ef3bb-9381-3f27-b17d-46a141440771,883da606-d4ee-34ff-96c4-6e6be2e4dc30,Cami698 Wintheiser220,F,GENERAL PRACTICE,45 UNION STREET,NATICK,MA,017606056,42.2814862,-71.33753630597062,1,0
f2da6ad5-b0e9-3525-9b16-d1b94c39b080,46daa26f-fda5-38a9-9c45-fda430d28fa6,Trenton748 Bernier607,M,GENERAL PRACTICE,25 RAILROAD SQUARE  SUITE 501,HAVERHILL,MA,018325721,42.7736752,-71.08561759491305,18,0
6edea17c-5deb-3b91-8e0a-96395bfbab50,d5920b72-ac1a-3ec4-81ca-e3b75cb7aadd,Merrilee429 Daugherty69,F,GENERAL PRACTICE,251 Causeway St.,Boston,MA,02114,42.3665,-71.05931,42,0
217da11c-60d3-30e9-b582-68de15f6921c,4f59f709-8b84-3d27-a04b-c6b7b5544413,Jamison785 Davis923,M,GENERAL PRACTICE,70 BOLTWOOD WALK,AMHERST,MA,010022271,42.3768779,-72.51840280783739,85,0
6b1005d1-c6b0-3134-82c5-e79456f083bb,5225cc87-6a30-303c-a882-5f001cee7f0e,Denis399 Boyer713,M,GENERAL PRACTICE,110 W SQUANTUM ST,QUINCY,MA,021712122,42.27259075,-71.03082765,8,0
28faa8c6-4cbd-38cd-94a9-e10aeaa41bc6,6d6ef57e-b2ce-3a69-bacf-4305c51834b0,Frankie174 Skiles927,M,GENERAL PRACTICE,186 HIGHLAND AVE,SOMERVILLE,MA,021431507,42.38845955,-71.10666839512322,1,0
004d2017-65ac-3169-aca1-a757165cefc9,552ede7f-2ba4-39ef-9217-29d27b89b8a7,Gordon377 Reichert620,M,GENERAL PRACTICE,87 SHATTUCK STREET,HAVERHILL,MA,018302319,42.796917699999995,-71.05216081525802,18,0
3075eb83-fdae-33b7-bfb5-af41d6fccc3d,0f2c58ec-5323-3c0f-9bdf-af0df7eb2a2b,Mana631 Boehm581,F,GENERAL PRACTICE,130 DORCHESTER STREET,SOUTH BOSTON,MA,021272642,42.3334312,-71.0494949,3,0
b409bb04-2c4d-362f-b441-1b6c6b441ff1,cc400ddc-c38d-3604-8d89-cea21555719f,Fritz267 Kirlin939,M,GENERAL PRACTICE,87 CHESTNUT ST,NATICK,MA,017603644,42.293559188306446,-71.35158050924959,104,0
148d64b6-117e-33e1-8b44-9bc78975bc2e,51370692-6296-3150-8672-559fc73f964f,Almeda560 Okuneva707,F,GENERAL PRACTICE,75 FRANCIS ST,WEST BRIDGEWATER,MA,023791542,42.0219112,-71.019004,404,0
951a4c4e-4029-386c-aef7-64bdf15929da,dd8f40be-2c90-347a-abf6-c07a5ad4148f,Kirstin394 Bashirian201,F,GENERAL PRACTICE,105 CHESTNUT ST,NEEDHAM,MA,024922520,42.2784618,-71.23770041644639,53,0
5510b03a-c605-3b6c-8b09-b617c92d8c77,b3312a2d-37e9-35a8-b50d-6c165c437baa,Lorretta561 Reinger292,F,GENERAL PRACTICE,45 DIMOCK ST,ROXBURY,MA,021191029,42.32030665,-71.09721114916246,8,0
47f495d4-57d8-38e6-92da-9220bb210508,2836d9ac-c6a6-39d1-8f13-fdf0fc8928f4,Alysha630 Koch169,F,GENERAL PRACTICE,365 EAST ST,TEWKSBURY,MA,018761950,42.6069472,-71.2180803,1319,0
5cf30762-db67-33e1-a8d9-d33c6168422f,a2f8d8fe-665e-390f-8b9b-efdc0b14a77c,Armand155 Towne435,M,GENERAL PRACTICE,161 JACKSON ST,LOWELL,MA,018522103,42.6425382,-71.3093946,168,0
60ebacac-cb4a-3e95-960c-440a4d10e9a9,7dddc0c2-9f1d-3e4e-b2f2-fc7e6abbed31,Genevie117 Gibson10,F,GENERAL PRACTICE,160 MERRIMACK STREET  SUITE 1,METHUEN,MA,018446117,42.7334079,-71.13599310716302,22,0
59218ed1-91df-3ca2-909b-7395d27a85b7,82c72223-f521-3a34-9b9b-4ff366365399,Shon148 Reinger292,M,GENERAL PRACTICE,2100 DORCHESTER AVENUE,QUINCY,MA,021691870,42.2509914,-71.0037374,11,0
ffe05a09-96ab-341c-86fa-a2a67a892668,04b252db-4231-3cb5-963d-6f096fb4b97c,Lorie307 Grady603,F,GENERAL PRACTICE,1177 PROVIDENCE HIGHWAY,NORWOOD,MA,020625019,42.194543,-71.1994976,6,0
729b6a02-85df-3e7f-81e0-375d7a7e5aeb,83579123-f29c-39b8-9f5f-8f79e91683c7,Hong136 Kassulke119,F,GENERAL PRACTICE,100 CENTURY DR,WORCESTER,MA,016061244,42.3138278,-71.7707002,92,0
f97c1176-4715-30b1-b82a-8e45bda0a4f3,a94f4f6e-88ad-39ff-a935-dc87f13327b1,Fae378 Wiza601,F,GENERAL PRACTICE,370 WEST STREET,LEOMINSTER,MA,014532073,42.535877150000005,-71.77537115047085,3,0
147ab87e-0769-3566-90b4-22b1bebc57de,e2eab39c-5195-34aa-b35f-e89e37cfed01,Miguel815 Roberts511,M,GENERAL PRACTICE,55 FOGG ROAD,WEYMOUTH,MA,021893141,42.175539799999996,-70.9539153674405,261,0
f98d3f5b-60bf-391b-b2ea-9c9696d13cf8,1de7e7d9-9a7a-3a3f-bf4c-b4de450711f2,Clelia416 Morissette863,F,GENERAL PRACTICE,198 LITTLETON RD,WESTFORD,MA,018863429,42.564282,-71.42620615382347,1,0
1359593b-d8a1-31ff-8809-9ca45ba7a55f,940d491c-ad61-3bd3-9054-d6d884280934,Morton637 Huels583,M,GENERAL PRACTICE,321 CENTRE STREET,DORCHESTER,MA,021221112,42.29394375,-71.06005213312326,2,0
07a14a96-5bc6-3b19-a1e7-d65f5487d0d4,df3f566c-97e5-31ed-b0fe-4b452666f736,Mckinley734 Rodriguez71,M,GENERAL PRACTICE,300 CHESTNUT ST,NEEDHAM,MA,024922477,42.27522125,-71.23743483674366,70,0
1ae9faf1-68e6-3654-ba2d-d77523b302b0,497f39dd-280e-3d58-af5b-c5e3a3a09b10,Randy380 Bergstrom287,F,GENERAL PRACTICE,27 PARK ST,HYANNIS,MA,026015230,41.65363635,-70.27352219234834,467,0
21e9ef94-2934-30fc-b9c9-b839593be1cc,54937333-e7d6-3b48-a8dd-cf60aa38d206,Sandee884 Durgan499,F,GENERAL PRACTICE,11 MCGRATH HIGHWAY,QUINCY,MA,021695311,42.2492941,-70.99830205267904,2,0
20156338-e585-3c4c-96f7-f8f1a2781039,b0762027-dc86-335b-8310-f4f031c1caca,Elijah719 Swift555,M,GENERAL PRACTICE,765 WEST CENTER STREET,WEST BRIDGEWATER,MA,023791517,42.01302315,-71.05345585281756,1,0
b6a5ad6c-adf8-386c-9475-30edaa4418ed,eaaf102d-0188-3a69-a751-030645e2a7b0,Cathey606 Kiehn525,F,GENERAL PRACTICE,605 MAIN STREET,WAREHAM,MA,025711031,41.76766153042966,-70.73096212925822,8,0
998c73a0-99f7-3bac-9ab2-de75182e7866,0d7fd824-1c7b-3f8b-a662-f6c2005e82e1,Arminda86 Trantow673,F,GENERAL PRACTICE,88 MASONIC HOME ROAD,CHARLTON,MA,015071394,42.1389039,-71.9782681,2,0
df1718b4-a8fe-3dbf-9766-b68dba95971e,accb8cdd-6560-3fef-b0a6-f12c3295026a,Kerrie266 Bergstrom287,F,GENERAL PRACTICE,969 PARK STREET,ATTLEBORO,MA,027035115,41.9266899,-71.2611303145582,9,0
b0a55798-d876-3167-9696-cffb156be013,a2df2aea-9c53-31f4-baea-02ea5ea1e553,Almeta56 Lehner980,F,GENERAL PRACTICE,95 LAUREL STREET,GREENFIELD,MA,013013106,42.58163075,-72.61795013515538,5,0
9653941d-912b-34db-ba02-21eb4ec6f199,a43fd704-ddbc-3f63-b3a0-e97c5d42ab5e,Alysia661 Bogan287,F,GENERAL PRACTICE,447 HILL ST,WHITINSVILLE,MA,015881016,42.1216837,-71.6715608,1,0
dd02ceb0-6c8d-31dc-882d-714c6b066b04,41e2a44c-477c-3511-96f9-12c476aa3b6a,Latoyia537 Lindgren255,F,GENERAL PRACTICE,85 E NEWTON ST,BOSTON,MA,021183553,42.336277100000004,-71.07085295687423,159,0
e66c6471-3923-342b-89f4-bfca4505161d,9d41e4fc-9507-3ddb-82ad-966046fca031,Ashlyn643 Lehner980,F,GENERAL PRACTICE,104 RANDOLPH ROAD,WORCESTER,MA,016062465,42.29955605000001,-71.79838133819244,38,0
02a6cb52-18c3-343b-a6de-4365fe9b5f63,5b0cd0a0-f277-3a66-bee6-d64b5be4a3f5,Waldo53 Hintz995,M,GENERAL PRACTICE,725 NORTH ST,PITTSFIELD,MA,012015493,42.4600752,-73.2492795834909,44,0
303a6811-510c-395e-977c-019742e1156b,79a06fd6-9f2b-35e3-9b11-0bc5ff89e17c,Waylon572 Kovacek682,M,GENERAL PRACTICE,225 Boston Road  Suite 107,Lynn,MA,01904,42.470093,-70.95994,252,0
7c514ae9-0d7c-373e-904c-884dfd52a79c,f5b88e0f-3f0a-3400-b56f-26247e2a35ac,Laci507 O'Keefe54,F,GENERAL PRACTICE,585 LINCOLN ST,WORCESTER,MA,016051906,42.2962766,-71.7688972944814,60,0
2af2f862-294c-3b02-b882-944eebbe9f8b,4956f573-3dc2-3a67-9692-2f57451744e6,Kathe603 Davis923,F,GENERAL PRACTICE,400 BOLTON STREET,MARLBOROUGH,MA,017523912,42.35966285,-71.55290125539051,1,0
a3eec2fd-dbcd-391e-bb3e-39ee99ffdbb7,b44955d1-f0e2-3beb-a013-708a81dbe430,Idella49 Runte676,F,GENERAL PRACTICE,680 CENTRE ST,WEST BRIDGEWATER,MA,023791600,42.0219112,-71.019004,39,0
db816c01-f633-37de-a95c-918268437a16,363631be-d437-3548-98c2-d10b909c1721,Elaina826 Ferry570,F,GENERAL PRACTICE,50 MANSION DRIVE,ROWLEY,MA,019691026,42.73718535100735,-70.88053187301136,54,0
9c6f4e2a-eca8-336e-8615-086c65ee0fa7,ce89d7ed-54eb-3eae-881a-15df8e631c47,Silvia880 Howe413,F,GENERAL PRACTICE,36 WILLIAM STREET,LEOMINSTER,MA,014533276,42.5267443,-71.7614891,2,0
26949331-f3eb-382d-a3bb-4e61ffa17f23,0d9b0d22-585e-3fd8-ab02-26b5be7915d1,Duane703 Koelpin146,M,GENERAL PRACTICE,516 CAREW ST,SPRINGFIELD,MA,011042330,42.12133575,-72.59217953646302,36,0
2f3ba058-7451-3f5b-8636-c488f704db35,e4dbbb2f-5a51-341d-b5a5-dd91b968b217,Errol226 Gaylord332,M,GENERAL PRACTICE,329 WASHINGTON ST,NORWELL,MA,020611737,42.16319935,-70.86354427737673,1,0
9cb95f70-6fa6-3f12-a6b8-aac77c4f1205,0d1570ab-371c-3898-9397-95905d8c5166,Jose871 Dicki44,M,GENERAL PRACTICE,750 WASHINGTON ST,BOSTON,MA,021111552,42.3499038,-71.0631836,33,0
bf35afed-efa3-3a4d-bd64-0df545c6d9fa,1853aeef-5897-326a-80d6-aa4b0459eb6d,Jewel43 Kassulke119,M,GENERAL PRACTICE,381 WICKENDEN ST,ATTLEBORO,MA,027032247,41.9438129,-71.2806515,9,0
94f0e226-ef69-32fb-adf3-ab261161cfc6,4b7e26e6-e5b1-38c9-b4ac-fde9a0f93177,Maggie320 Eichmann909,F,GENERAL PRACTICE,38 BROAD STREET,QUINCY,MA,021694604,42.2560352,-70.99469254391217,21,0
1a5bf892-5612-3477-a1da-b740fef56535,94dda4e1-7476-367a-b1f8-37ea7f61a1b7,Dylan44 Robel940,M,GENERAL PRACTICE,145 WARD HILL AVENUE,WESTBOROUGH,MA,015811017,42.2694308,-71.6129907,64,0
50483c8c-228b-3204-b27f-eb8887c4e5bc,01bb7b5c-f850-3c4e-a3f1-442d8273559a,Charley358 Effertz744,M,GENERAL PRACTICE,395 PLEASANT ST,NORTHAMPTON,MA,010603914,42.3150543,-72.62555561349089,29,0
6dd1ffd7-7a68-30f5-8332-82a84ea06111,2ca615f3-87f7-3283-a447-d919a883b676,Elizbeth263 Dickinson688,F,GENERAL PRACTICE,1399 WASHINGTON ST,HANOVER,MA,023391653,42.1441354,-70.8440854,1,0
d07126d9-4e0f-3a7b-af03-ddd2ca3a99c6,689f8809-c101-38db-b3c9-580b4c37f268,Shonta375 Bins636,F,GENERAL PRACTICE,364 STATE RD,VINEYARD HAVEN,MA,025685624,41.44720825,-70.61474940346154,18,0
74394c3d-3992-3cb0-b6ba-7aeeea467175,7f32dd7d-5c35-3ddb-839b-8fbbb930d412,Luna60 Littel644,F,GENERAL PRACTICE,863 CENTRAL STREET,FRAMINGHAM,MA,017014813,42.30758060362541,-71.42846215724606,2,0
2b80bb06-6330-39e7-adca-ea50b36313f4,65bd3883-56ee-3eea-8e86-b7e677a30727,Wilhelmina724 Block661,F,GENERAL PRACTICE,150 FLANDERS RD,WESTBOROUGH,MA,015811017,42.2770724,-71.5679154706427,1,0
173896eb-db95-3eca-a3a5-62259d1ee7be,80646050-1c76-3046-bbc8-fd5f0b7c34e6,Raleigh478 Hauck852,M,GENERAL PRACTICE,140 ARNHOW FARM ROAD,FITCHBURG,MA,014201369,42.5903661,-71.8119837,8,0
f8c2e24f-bdee-36db-b9ae-27218ebb2bb5,cac6f8b3-eafd-31b3-9fa3-8015752ccc2c,Jessie665 Pagac496,M,GENERAL PRACTICE,123 SUMMER ST,WORCESTER,MA,016081216,42.26496835,-71.79655403681465,35,0
2c36d8bb-f449-3d17-82b4-58443d358f0c,e02d9c87-52cb-3f3c-9f97-fe95f260c437,Elisabeth967 Hoeger474,F,GENERAL PRACTICE,321 MANLEY STREET,WEST BRIDGEWATER,MA,023791022,42.0338457,-71.05496436428572,1,0
91a41b66-1d40-3a1f-85b8-170b321caab4,6e517750-a29e-3170-a02b-5733ff523458,Levi940 Abbott774,M,GENERAL PRACTICE,101 BARRY RD,WORCESTER,MA,016091275,42.3030701,-71.8333408960994,19,0
b1b7d0d2-3f83-337c-a9d0-fbffe8449513,1b3fe590-8793-3f08-865d-01fc425a84d4,Fredrick998 Wintheiser220,M,GENERAL PRACTICE,1340 BOYLSTON ST,BOSTON,MA,022154302,42.34392675,-71.09888049065322,92,0
0bddc00a-b3d6-3514-b46c-e5e9fa271408,3f12ebb4-e03c-3453-88d2-4fc9682383df,Erwin847 Stiedemann542,M,GENERAL PRACTICE,726 COUNTY ST,NORTH DARTMOUTH,MA,027473603,41.6389926,-70.9703171,118,0
4a0d698b-3f0d-3d00-a498-e8a59a2cb23b,9c9d017c-0a4d-3e03-9802-4d310ea05c71,Isiah14 Schaefer657,M,GENERAL PRACTICE,70 FULTON ST,BOSTON,MA,021091402,42.362439499999994,-71.05377386223965,1,0
0b4d1ca0-8be8-325f-882a-a3736ba171cc,b014aec7-7bd8-351f-8808-3e280cbc5be6,Sergio619 Volkman526,M,GENERAL PRACTICE,70 EAST ST,HAVERHILL,MA,018306700,42.7777829,-71.0767724,279,0
fdc7b906-e34c-34ec-9eb0-dc89aac3771b,125eccb3-d003-34ea-9bd8-360dff059782,Rolande819 Gerlach374,F,GENERAL PRACTICE,125 PARKER HILL AVENUE,DEDHAM,MA,020266146,42.2489143,-71.1755732,40,0
7d57b455-f3b1-356d-9d36-319d2173a65a,6929d249-cc27-33aa-a871-b6f26059615d,Sina65 Fritsch593,F,GENERAL PRACTICE,ONE HOSPITAL ROAD  FIRST FL  WING 5   PO BOX 1477,OAK BLUFFS,MA,025571406,41.4538523,-70.5684713,41,0
89d781d8-8236-3540-83ab-6219d0a9286f,aad05540-c9cb-3805-b3c4-f9b9d9b42b2e,Arla414 Fritsch593,F,GENERAL PRACTICE,821 E MAIN ST STE 3,CHICOPEE,MA,010206306,42.155774795300516,-72.55672263289513,284,0
d77285b5-04bc-31e7-abb1-970ef16791fc,eea92149-820f-301f-911e-b170e8312842,Tracey100 Hamill307,M,GENERAL PRACTICE,123 SUMMER STREET,WORCESTER,MA,016102177,42.26496835,-71.79655403681465,109,0
aedfbfca-abce-3837-91b8-3b7c2ff60871,83a08dcf-7ed6-3d2e-afc0-a72c05d2563c,Thaddeus38 Stiedemann542,M,GENERAL PRACTICE,755 MAIN ST,HAVERHILL,MA,018302166,42.797835,-71.0878121,216,0
5a2ac426-c707-3009-9adf-67e2385e39d1,a8f1424c-00bc-3403-8db5-cd600978f3a4,Amos720 Bogan287,M,GENERAL PRACTICE,8 BURNHAM ST,TURNERS FALLS,MA,013761816,42.6042523,-72.5564777,28,0
58e1ec76-a7ae-36a3-8ae7-7adab8dbcdc5,78cd7edb-2df6-34da-b463-5f9eb15cf862,Nancee600 Pacocha935,F,GENERAL PRACTICE,1 WEBLY ROAD,YARMOUTH PORT,MA,026752000,41.7020544,-70.249465,24,0
8534de04-271f-3489-b597-e35b1f551ae5,471f7ca2-38f8-3080-8109-187c73ec0b1f,Collin529 Johnson679,M,GENERAL PRACTICE,27 CONGRESS ST,SALEM,MA,019707308,42.518722068313224,-70.88940635956651,21,0
efb68c32-ba59-3d95-9b46-aa7fc97bbe97,a5577e5c-b886-37a0-8eee-8ff6feb7ea6b,Leopoldo762 Keebler762,M,GENERAL PRACTICE,330 MOUNT AUBURN ST,CAMBRIDGE,MA,021385502,42.3741033,-71.13417575971958,32,0
8bbd7003-bf85-3ee2-9256-740286a3ef88,20df65a4-7567-3066-b680-0f71b0c31d38,Kristina583 Bashirian201,F,GENERAL PRACTICE,242 GREEN ST,GARDNER,MA,014401336,42.58685735,-71.98748072431209,3,0
e92698ed-9154-3f7e-9023-163e324e506b,7dcab1ad-0e13-3700-9eb0-70767c5e2b55,Dana512 Wilkinson796,F,GENERAL PRACTICE,1515 ALLEN ST,SPRINGFIELD,MA,011181803,42.095299499999996,-72.50943136142334,50,0
a797fbc1-3c63-3ec9-ba95-5de0c34a6384,7fc42341-ad5f-3c6c-94f3-4afaa0f8a028,Preston275 Herzog843,M,GENERAL PRACTICE,368 FAUNCE CORNER RD,DARTMOUTH,MA,027476249,41.6633564,-70.99152756769953,6,0
38ba0a29-0620-3ea3-8928-cfa522964cd1,6ea4d3d6-d820-387a-a3d1-ed5944ad47a2,Nicolasa738 Larkin917,F,GENERAL PRACTICE,232 PLEASANT ST,METHUEN,MA,018447152,42.7397562,-71.17113575205717,41,0
aded62b3-854e-3b02-a2dd-98e0bb140fc7,62b55e5b-b58f-354d-8f2d-f2a330bc619e,Brandon214 Gerlach374,M,GENERAL PRACTICE,201 HIGHLAND ST,CLINTON,MA,015101037,42.42738865,-71.69329092351188,82,0
5b5283dd-bc08-3141-a84d-538c697a6630,966245ce-e84d-36b0-a838-2e0b5bb2e668,Germán350 Longoria249,M,GENERAL PRACTICE,1425 BLUE HILL AVENUE,MATTAPAN,MA,021262122,42.2754929,-71.09384131587021,8,0
f1de854e-ad62-3272-a4b1-794d4a328a03,58d6127e-ee48-37c3-9f2d-dcd3c050fb25,Thomasena108 Gutmann970,F,GENERAL PRACTICE,73 RUSSELL RD,HUNTINGTON,MA,010509777,42.2244752,-72.8709216,17,0
d58da2af-3901-3a74-b46e-fcb1d2942d28,35eba9db-902f-32e6-b302-0e5ef8fa5c68,Laverne101 Schumm995,F,GENERAL PRACTICE,66 BROAD ST,WESTFIELD,MA,010852927,42.1165587,-72.74727440058362,1,0
cfd68a2c-2b40-33be-8d51-6f61113b8cf3,4eddfa13-f996-3048-9bbc-541b0a29038a,Annelle169 Schmidt332,F,GENERAL PRACTICE,736 CAMBRIDGE ST,BRIGHTON,MA,021353601,42.348649949999995,-71.14799584850206,76,0
d5bf3a77-6f18-3dfb-a26d-99bbd315e27c,845fbd9b-2d1c-39a8-8261-28ae40e4fab2,Sam879 Rippin620,F,GENERAL PRACTICE,14 PROSPECT STREET,UPTON,MA,015681431,42.1700209025178,-71.59409308099494,303,0
022ef2b9-92d1-3392-9bb5-220a77baa596,946ec45f-5c4a-361f-b158-927144864133,Jorge203 Harvey63,M,GENERAL PRACTICE,19 MIDSTATE DRIVE  SUITE 130,AUBURN,MA,015011856,42.1894693,-71.85604765,15,0
6334b327-b08f-37f9-8368-970596b07567,bac9dc0c-cb0f-3fa6-aa12-819dd0fb922a,Nicholas495 Greenfelder433,M,GENERAL PRACTICE,1493 CAMBRIDGE ST,SOMERVILLE,MA,021452935,42.3875968,-71.0994968,778,0
ecbc7785-237f-37ac-b4de-b2e9eb5d1c27,84d5768f-3a21-3da9-aad2-bbf7a3ae2700,Elba502 Schneider199,F,GENERAL PRACTICE,817 MERRIMACK ST,LOWELL,MA,018543548,42.650296999999995,-71.32263756223612,40,0
88ed5b14-6088-3597-9985-941a5bdd1f78,9ce6072b-d039-3cde-8eaf-950211b8ae88,Saul605 Ratke343,M,GENERAL PRACTICE,147 S MAIN ST,MIDDLETON,MA,019492446,42.585787222720036,-71.00861442427218,193,0
c583cdf9-0849-36b2-8d93-e8894d53b1d9,af8566eb-8918-3ec7-ba44-92b6a2cf8097,Madelaine318 Walker122,F,GENERAL PRACTICE,81 HIGHLAND AVE,SALEM,MA,019702714,42.5112107,-70.90516241826194,49,0
47af6980-d38f-3c0d-8f60-088c1a47df43,ecd3b321-0a8a-3ce6-81f0-982dd77fce43,Hunter736 Lesch175,M,GENERAL PRACTICE,25 HIGHLAND AVE,NEWBURYPORT,MA,019503867,42.81369325,-70.89091645747592,384,0
b0ecd552-e068-3bbb-9ff0-730bdd72cb30,a036cdf2-bbc5-3ffd-987f-56e437fd8b74,Margarita164 Tejeda887,F,GENERAL PRACTICE,265 N MAIN ST,SOUTH YARMOUTH,MA,026642083,41.680980000000005,-70.18292625685085,23,0
62bec68c-9b6d-3a79-a4bf-5f15762b187b,4f5e8f16-a31b-3071-8556-d7188ede313d,Kala987 Wolf938,F,GENERAL PRACTICE,575 BEECH ST,HOLYOKE,MA,010402223,42.20105435,-72.628169560868,1089,0
48362b5f-76a2-322a-85ee-24f42cfdedaa,69cb2157-b620-3c51-9c94-f516462d2d55,Anh979 Schroeder447,F,GENERAL PRACTICE,11 WATER ST,ARLINGTON,MA,02476,42.41642055,-71.15424293038585,10,0
89c1be91-6c43-32b8-ac44-cd9ee0a1ae2a,78cdee02-e200-38a9-9b34-4651e706be7c,Sherryl893 Jacobs452,F,GENERAL PRACTICE,1156 MAIN ST,DRACUT,MA,018261929,42.6818928,-71.2963726,27,0
9f3fe6f1-5955-3366-9086-8e0dee350565,f90ef475-defe-363d-a926-573b38f804a2,Bea654 Schiller186,F,GENERAL PRACTICE,54 HOPEDALE ST,HOPKINTON,MA,017481672,42.2288875,-71.5196439,42,0
cf5d56e8-ea14-368b-9703-97212ee771f3,a25107f7-f4f5-36fc-98e4-f3e1b5875c91,Tracy345 Wilderman619,M,GENERAL PRACTICE,1285 BEACON ST,WOBURN,MA,018012157,42.4979478,-71.1684508,5,0
2cb39490-849d-3098-a642-c30ebcd6b1d7,0e6c3ad1-24c1-34cb-bb6d-e8438fa319e2,Vern731 Casper496,M,GENERAL PRACTICE,50 DODGE ST,SWAMPSCOTT,MA,019071300,42.4699241,-70.9171507,6,0
401a4e24-ce50-33d6-8e5c-b8e7892ac473,3695125c-c052-3ece-898a-2a6448987ae5,Sean831 DuBuque211,M,GENERAL PRACTICE,2040 BOSTON RD STE 5,WILBRAHAM,MA,010951380,42.150295650000004,-72.47288272264812,3,0
70021841-ad79-3cbd-bdc8-865a5086f6c3,bdd9ad72-443a-3563-a626-4c45f6d058b2,Zachary28 Bogan287,M,GENERAL PRACTICE,147 PELHAM STREET,WORCESTER,MA,016072105,42.265209,-71.814005,2,0
d02369ba-8c53-3942-837f-8592807f44a2,05fcf001-ab24-3d7d-85f7-f64942d82738,Nickolas58 Schumm995,M,GENERAL PRACTICE,250 POND STREET,FRAMINGHAM,MA,017014592,42.2838619,-71.4093719,62,0
91c4d5b4-e43b-318f-81fa-3fc77e4d3245,7e6db51f-7c1b-3555-9e1c-6269ba6d704d,Jacque955 Streich926,F,GENERAL PRACTICE,120 STAFFORD STREET SUITE 206,WORCESTER,MA,016031461,42.239638,-71.8443785891577,22,0
3ffeb2b1-5c29-300d-847b-3c68048dbd06,83769f98-fff3-3535-8781-6ace5957136f,Emilia403 Breitenberg711,F,GENERAL PRACTICE,115 NORTH AVENUE,ROCKLAND,MA,023702129,42.13496385,-70.92237824494691,12,0
b1a84793-ac48-3dd7-a094-fed0b0fe08e8,1b26464f-ebe5-3045-b976-40f9979418c6,Ulysses632 Tillman293,M,GENERAL PRACTICE,243 KING ST,NORTHAMPTON,MA,010602367,42.331161,-72.634183,1,0
02cdddfd-f3f7-3699-a0cc-836bc77fcf80,28d71598-85eb-3a0e-90c1-22e0be1af57c,Andrea7 Cortez851,F,GENERAL PRACTICE,38 MULBERRY ST STE 204,NORTHAMPTON,MA,010602832,42.35436315,-72.70256804599192,145,0
ea6191cd-40ba-3d1e-9f8e-be614d139d16,f68ebf98-ba5b-35af-b2bd-da56cc5b13be,Shaun461 Hintz995,M,GENERAL PRACTICE,270 LITTLETON RD STE 22,WESTFORD,MA,018863524,42.5569148,-71.4366336131239,4,0
73a1447c-e6bf-331c-a9f6-aea85dd8abc3,7d627533-adbd-320a-9054-db91a2811597,Rachell479 Schroeder447,F,GENERAL PRACTICE,480 JACKSON ST,METHUEN,MA,018444020,42.7327291,-71.16807304424162,1,0
3985241b-a6c2-3739-8944-495704a9559e,9adfae03-673d-365d-9052-f705098fa3e4,Daniel959 Wolff180,M,GENERAL PRACTICE,51 BLOSSOM ST,BOSTON,MA,021142699,42.36305545,-71.06643399281765,601,0
3ca731d7-215e-3314-a394-96a516785097,48a07866-e8d7-3268-aa3c-ca3237c8e6f3,Moshe758 Stamm704,M,GENERAL PRACTICE,188 PROVIDENCE ST,HYDE PARK,MA,021361861,42.2682551,-71.12174592925336,45,0
eb1f3e34-92b1-3b9a-b5f5-f225ad71f5f2,9f85a8c8-007c-3490-a7b7-4a0324c13307,Augustus49 Robel940,M,GENERAL PRACTICE,70 FULTON ST,BOSTON,MA,021091402,42.362439499999994,-71.05377386223965,38,0
7b2ad8eb-69ec-3019-ab51-00b4ccdb0430,89171335-b9c0-3326-98d6-a837d432b9fd,Vicente970 Alonzo487,M,GENERAL PRACTICE,150 FLANDERS ROAD,LYNN,MA,019042915,42.466763,-70.9494939,52,0
e0ae4de8-7b67-363c-951f-72d9fdaef676,01bde980-bf89-3138-8912-7360dff33247,Bradly656 Lang846,M,GENERAL PRACTICE,456 PARK AVE,WORCESTER,MA,016101254,42.25512735,-71.82580924803523,22,0
50cd3584-d7a8-3298-b29b-6231eab15dbb,217cb6f6-e822-3831-9d9d-ffa104971042,Luther918 Jakubowski832,M,GENERAL PRACTICE,2 REHABILITATION WAY,WOBURN,MA,018016003,42.46352265,-71.161925472006,38,0
905d2c22-a352-3e83-8a02-4467e3c45ec1,e2a8b444-9b8f-36ff-84c4-05ee98589482,Elmer371 Gusikowski974,M,GENERAL PRACTICE,8 SHIPWAY PL # C-8,CHARLESTOWN,MA,021294301,42.3778749,-71.0619957,253,0
27d3c128-bb72-3c54-bb09-68d037d903bf,05f80ed8-6a7a-3728-8b5c-c5c995c8244a,Vernita491 Cartwright189,F,GENERAL PRACTICE,150 South Huntington Avenue,Jamaica Plain,MA,02130,42.32809,-71.11076,16,0
f126e64c-b6ce-30d6-aacf-6e5ffc2c4670,3517aff1-b163-3cd5-8fff-19710fcdc1b7,Ladawn167 Cremin516,F,GENERAL PRACTICE,400 HEMENWAY STREET,MARLBOROUGH,MA,017526762,42.36006255767826,-71.5077613040944,4,0
0a91144f-560a-3e1a-a058-09da20d841af,a1e6fb9c-542a-3e6f-a830-2a9e87769075,Carylon722 Metz686,F,GENERAL PRACTICE,500 COLUMBIA ROAD,DORCHESTER,MA,021252424,42.3147979,-71.067633,21,0
717548fe-32c8-308a-aa68-ff5c5537c478,121b0ad1-1beb-3caa-9271-3d3f726bb727,Kyoko885 Price929,F,GENERAL PRACTICE,1030 MAIN STREET,WALTHAM,MA,024517447,42.375828,-71.2527956,153,0
718e7589-fef8-318c-9956-df0d313eb283,43f37d29-0bcb-3d84-b9c0-9ee4f2485ff2,Boris111 Romaguera67,M,GENERAL PRACTICE,168 WALTON RD UNIT 19,ROWLEY,MA,019692014,42.7136977,-70.8818364,75,0
3de5f2e0-3c94-37bc-930d-a753ddd4088e,0a2252ba-33de-322f-8f0a-e5b0141f1780,Lincoln623 Block661,M,GENERAL PRACTICE,632 BLUE  HILL AVENUE,DORCHESTER,MA,021213213,42.2941088,-71.0885355,11,0
f3cc9d7e-c76b-3684-941c-68989180f166,e1892a2c-6dca-3c4c-93b7-0e00a9eb8b61,Derek111 Erdman779,M,GENERAL PRACTICE,20 EAST ST,HANOVER,MA,023391638,42.1278249,-70.82664947485381,56,0
8fa24d30-4189-3117-95c3-5b64eaa5a5f1,11a40a26-a5a3-331d-aef0-d06dd90e2b4e,Jacinta658 Wintheiser220,F,GENERAL PRACTICE,10 OSTERVILLE WEST BARNSTABLE RD,YARMOUTH PORT,MA,026752000,41.7020544,-70.249465,86,0
426448e7-29d9-307c-bb24-742e0b80fa08,b954c464-11ea-312b-a3f8-1350775bfa54,Hortensia953 Walker122,F,GENERAL PRACTICE,123 CAPTAIN'S ROW,CHELSEA,MA,021504019,42.3917638,-71.0328284,18,0
89643011-93a8-31e7-8b77-c2902113e306,9f368e75-397f-3d77-a317-9a005512a4e2,Alta896 Pfannerstill264,F,GENERAL PRACTICE,381 PARK AVE,WORCESTER,MA,016101026,42.2583962,-71.82204240042036,84,0
9a32134f-26a8-3a98-8cc9-ef029f139ec5,95f6c328-96dd-3fb8-a56e-9aad566094b4,Milda157 Schoen8,F,GENERAL PRACTICE,4 STONY HILL ROAD,WILBRAHAM,MA,010951027,42.1552861,-72.48384800788648,20,0
4ded1986-4620-3ba5-ac3f-4d0ebdfdf27c,19f958ef-57cf-33c1-b068-14b32a980813,Jordon466 Bruen238,M,GENERAL PRACTICE,155 BROADWAY RD,DRACUT,MA,018262754,42.67578279999999,-71.29320171860073,113,0
faeed8bb-82b2-380d-8467-3fe8438fcc8f,53f086de-2fc7-3d35-92c2-aca4ed944e7f,Carisa395 Kutch271,F,GENERAL PRACTICE,1 GENERAL ST,LAWRENCE,MA,018412961,42.7097143,-71.15007700778098,39,0
e21e90e8-2d39-398f-880d-2f29fd8e39b4,5c9dea98-c535-36fe-8a7b-778b991a7b2c,Isaiah615 Trantow673,M,GENERAL PRACTICE,95 Ashley Avenue  Suite A,West Springfield,MA,01089,42.139397,-72.62382,15,0
98bcf82d-9fc2-3172-aece-fd91f94ce57a,c05d73d0-b348-32ce-9fe5-13a720950f37,Abraham100 McDermott739,M,GENERAL PRACTICE,45 DRUM HILL RD,CHELMSFORD,MA,018241503,42.6255635,-71.3615131,59,0
b3750bd1-4700-3f7d-91e3-8c9967d971ad,0592d4e5-a0fb-3143-83cd-8e5a6b066a96,Mica978 Lemke654,F,GENERAL PRACTICE,20 EAST ST,HANOVER,MA,023391638,42.1278249,-70.82664947485381,50,0
15e3f977-20f0-3e0f-9f48-13d058a3f918,6b9c5830-a278-38ff-887f-ccefd74cf8e8,Óscar156 Caballero789,M,GENERAL PRACTICE,184 LINCOLN STREET,NORTH EASTON,MA,023561799,42.06665855,-71.11947646404934,5,0
7775306d-4be4-3d5d-a91c-0c8a9ac52316,7b5bf0fc-c5c0-3f22-980b-fdfff326a9b4,Isidro558 Kling921,M,GENERAL PRACTICE,40 CUMBERLAND AVE,NORTH ATTLEBORO,MA,027604445,41.9316677,-71.35407469790115,1,0
67ca6fe6-25f7-3444-9414-b8868cc21c06,ba07b31b-bf14-39b8-be95-4c5ca5062daa,Kim439 Hyatt152,M,GENERAL PRACTICE,1575 CAMBRIDGE ST,CAMBRIDGE,MA,021384308,42.375209549999994,-71.10711344152975,693,0
9c75dcb1-0e5a-39d1-8865-fb3028ffea68,14036728-b721-3e4b-8755-8ee8ab6ed15e,Rocky100 Schmeler639,M,GENERAL PRACTICE,625 MOUNT AUBURN ST,CAMBRIDGE,MA,021384518,42.375351,-71.1468628,28,0
